Id,Remodel_Year,Roof_Design,Roof_Quality,Exterior1st,Exterior2nd,Brick_Veneer_Type,Brick_Veneer_Area,Exterior_Material,Exterior_Condition,Foundation_Type,Basement_Height,Basement_Condition,Exposure_Level,BsmtFinType1,BsmtFinSF1,BsmtFinType2,BsmtFinSF2,BsmtUnfSF,Total_Basement_Area,Heating_Type,Heating_Quality,Air_Conditioning,Electrical_System,First_Floor_Area,Second_Floor_Area,LowQualFinSF,Grade_Living_Area,Underground_Full_Bathroom,Underground_Half_Bathroom,Full_Bathroom_Above_Grade,Half_Bathroom_Above_Grade,Bedroom_Above_Grade,Kitchen_Above_Grade,Kitchen_Quality,Rooms_Above_Grade,Functional_Rate,Fireplaces,Fireplace_Quality,Garage,Garage_Built_Year,Garage_Finish_Year,Garage_Size,Garage_Area,Garage_Quality,Garage_Condition,Pavedd_Drive,W_Deck_Area,Open_Lobby_Area,Enclosed_Lobby_Area,Three_Season_Lobby_Area,Screen_Lobby_Area,Pool_Area,Pool_Quality,Fence_Quality,Miscellaneous_Feature,Miscellaneous_Value,Month_Sold,Year_Sold,Sale_Type,Sale_Condition,Sale_Price
1,2003,Gable,SS,VinylSd,VinylSd,BrkFace,196,Gd,TA,PC,Gd,TA,No,GLQ,706,Unf,0,150,856,GasA,Ex,Y,SBrkr,856,854,0,1710,1,0,2,1,3,1,Gd,8,TF,0,NA,Attchd,2003,RFn,2,1085.793744,TA,TA,Y,163.7880797,69.59611493,20.33793445,0,0,0,NA,NA,NA,0,2,2008,WD,Normal,208500
2,1976,Gable,SS,MetalSd,MetalSd,None,0,TA,TA,CB,Gd,TA,Gd,ALQ,978,Unf,0,284,1262,GasA,Ex,Y,SBrkr,1262,0,0,1262,0,1,2,0,3,1,TA,6,TF,1,TA,Attchd,1976,RFn,2,196.3163044,TA,TA,Y,198.9000744,74.71603269,15.03939163,0,0,0,NA,NA,NA,0,5,2007,WD,Normal,181500
3,2002,Gable,SS,VinylSd,VinylSd,BrkFace,162,Gd,TA,PC,Gd,TA,Mn,GLQ,486,Unf,0,434,920,GasA,Ex,Y,SBrkr,920,866,0,1786,1,0,2,1,3,1,Gd,6,TF,1,TA,Attchd,2001,RFn,2,218.0684028,TA,TA,Y,26.12753268,32.08526783,-46.23219756,0,0,0,NA,NA,NA,0,9,2008,WD,Normal,223500
4,1970,Gable,SS,Wd Sdng,Wd Shng,None,0,TA,TA,BT,TA,Gd,No,ALQ,216,Unf,0,540,756,GasA,Gd,Y,SBrkr,961,756,0,1717,1,0,1,0,3,1,Gd,7,TF,1,Gd,Detchd,1998,Unf,3,696.9964389,TA,TA,Y,46.94801782,40.18141497,60.92182117,0,0,0,NA,NA,NA,0,2,2006,WD,Abnorml,140000
5,2000,Gable,SS,VinylSd,VinylSd,BrkFace,350,Gd,TA,PC,Gd,TA,Av,GLQ,655,Unf,0,490,1145,GasA,Ex,Y,SBrkr,1145,1053,0,2198,1,0,2,1,4,1,Gd,9,TF,1,TA,Attchd,2000,RFn,3,568.8598818,TA,TA,Y,-10.62610502,20.7553232,21.78881783,0,0,0,NA,NA,NA,0,12,2008,WD,Normal,250000
6,1995,Gable,SS,VinylSd,VinylSd,None,0,TA,TA,W,Gd,TA,No,GLQ,732,Unf,0,64,796,GasA,Ex,Y,SBrkr,796,566,0,1362,1,0,1,1,1,1,TA,5,TF,0,NA,Attchd,1993,Unf,2,703.4813592,TA,TA,Y,0.621401755,36.74033513,70.35036151,320,0,0,NA,MnPrv,Shed,700,10,2009,WD,Normal,143000
7,2005,Gable,SS,VinylSd,VinylSd,Stone,186,Gd,TA,PC,Ex,TA,Av,GLQ,1369,Unf,0,317,1686,GasA,Ex,Y,SBrkr,1694,0,0,1694,1,0,2,0,3,1,Gd,7,TF,1,Gd,Attchd,2004,RFn,2,555.4156939,TA,TA,Y,39.04717722,118.6134567,-7.064621653,0,0,0,NA,NA,NA,0,8,2007,WD,Normal,307000
8,1973,Gable,SS,HdBoard,HdBoard,Stone,240,TA,TA,CB,Gd,TA,Mn,ALQ,859,BLQ,32,216,1107,GasA,Ex,Y,SBrkr,1107,983,0,2090,1,0,2,1,3,1,TA,7,TF,2,TA,Attchd,1973,RFn,2,737.6329931,TA,TA,Y,201.1010464,150.621507,76.92394394,0,0,0,NA,NA,Shed,350,11,2009,WD,Normal,200000
9,1950,Gable,SS,BrkFace,Wd Shng,None,0,TA,TA,BT,TA,TA,No,Unf,0,Unf,0,952,952,GasA,Gd,Y,FuseF,1022,752,0,1774,0,0,2,0,2,2,TA,8,MD1,2,TA,Detchd,1931,Unf,2,424.620043,Fa,TA,Y,-24.04468374,57.93398583,78.56316068,0,0,0,NA,NA,NA,0,4,2008,WD,Abnorml,129900
10,1950,Gable,SS,MetalSd,MetalSd,None,0,TA,TA,BT,TA,TA,No,GLQ,851,Unf,0,140,991,GasA,Ex,Y,SBrkr,1077,0,0,1077,1,0,1,0,2,2,TA,5,TF,2,TA,Attchd,1939,RFn,1,632.5392395,Gd,TA,Y,31.12321931,59.82769631,57.75763132,0,0,0,NA,NA,NA,0,1,2008,WD,Normal,118000
11,1965,Hip,SS,HdBoard,HdBoard,None,0,TA,TA,CB,TA,TA,No,Rec,906,Unf,0,134,1040,GasA,Ex,Y,SBrkr,1040,0,0,1040,1,0,1,0,3,1,TA,5,TF,0,NA,Detchd,1965,Unf,1,724.5098818,TA,TA,Y,185.5647152,22.51985112,30.47839703,0,0,0,NA,NA,NA,0,2,2008,WD,Normal,129500
12,2006,Hip,SS,WdShing,Wd Shng,Stone,286,Ex,TA,PC,Ex,TA,No,GLQ,998,Unf,0,177,1175,GasA,Ex,Y,SBrkr,1182,1142,0,2324,1,0,3,0,4,1,Ex,11,TF,2,Gd,BuiltIn,2005,Fin,3,1004.528225,TA,TA,Y,141.0367575,23.53371803,103.9907756,0,0,0,NA,NA,NA,0,7,2006,New,Partial,345000
13,1962,Hip,SS,HdBoard,Plywood,None,0,TA,TA,CB,TA,TA,No,ALQ,737,Unf,0,175,912,GasA,TA,Y,SBrkr,912,0,0,912,1,0,1,0,2,1,TA,4,TF,0,NA,Detchd,1962,Unf,1,450.8901766,TA,TA,Y,129.0532566,98.36962389,19.65441027,0,176,0,NA,NA,NA,0,9,2008,WD,Normal,144000
14,2007,Gable,SS,VinylSd,VinylSd,Stone,306,Gd,TA,PC,Gd,TA,Av,Unf,0,Unf,0,1494,1494,GasA,Ex,Y,SBrkr,1494,0,0,1494,0,0,2,0,3,1,Gd,7,TF,1,Gd,Attchd,2006,RFn,3,520.9097291,TA,TA,Y,183.6509798,-14.20325012,75.12593087,0,0,0,NA,NA,NA,0,8,2007,New,Partial,279500
15,1960,Hip,SS,MetalSd,MetalSd,BrkFace,212,TA,TA,CB,TA,TA,No,BLQ,733,Unf,0,520,1253,GasA,TA,Y,SBrkr,1253,0,0,1253,1,0,1,1,2,1,TA,5,TF,1,Fa,Attchd,1960,RFn,1,690.0047063,TA,TA,Y,199.9145494,6.475975967,100.2059717,0,0,0,NA,GdWo,NA,0,5,2008,WD,Normal,157000
16,2001,Gable,SS,Wd Sdng,Wd Sdng,None,0,TA,TA,BT,TA,TA,No,Unf,0,Unf,0,832,832,GasA,Ex,Y,FuseA,854,0,0,854,0,0,1,0,2,1,TA,5,TF,0,NA,Detchd,1991,Unf,2,620.1432453,TA,TA,Y,34.68412468,105.1634133,-58.76236022,0,0,0,NA,GdPrv,NA,0,7,2007,WD,Normal,132000
17,1970,Gable,SS,Wd Sdng,Wd Sdng,BrkFace,180,TA,TA,CB,TA,TA,No,ALQ,578,Unf,0,426,1004,GasA,Ex,Y,SBrkr,1004,0,0,1004,1,0,1,0,2,1,TA,5,TF,1,TA,Attchd,1970,Fin,2,506.3335746,TA,TA,Y,195.9265518,154.3822832,119.542437,0,0,0,NA,NA,Shed,700,3,2010,WD,Normal,149000
18,1967,Gable,SS,MetalSd,MetalSd,None,0,TA,TA,SL,NA,NA,NA,NA,0,NA,0,0,0,GasA,TA,Y,SBrkr,1296,0,0,1296,0,0,2,0,2,2,TA,6,TF,0,NA,CarPort,1967,Unf,2,200.2038871,TA,TA,Y,114.1591305,4.615599883,-13.43350891,0,0,0,NA,NA,Shed,500,10,2006,WD,Normal,90000
19,2004,Gable,SS,VinylSd,VinylSd,None,0,TA,TA,PC,TA,TA,No,GLQ,646,Unf,0,468,1114,GasA,Ex,Y,SBrkr,1114,0,0,1114,1,0,1,1,3,1,Gd,6,TF,0,NA,Detchd,2004,Unf,2,425.8254,TA,TA,Y,88.65028415,40.70185229,-20.46854711,0,0,0,NA,NA,NA,0,6,2008,WD,Normal,159000
20,1965,Hip,SS,BrkFace,Plywood,None,0,TA,TA,CB,TA,TA,No,LwQ,504,Unf,0,525,1029,GasA,TA,Y,SBrkr,1339,0,0,1339,0,0,1,0,3,1,TA,6,MD1,0,NA,Attchd,1958,Unf,1,371.1621603,TA,TA,Y,141.0627196,146.3743432,47.20699192,0,0,0,NA,MnPrv,NA,0,5,2009,COD,Abnorml,139000
21,2006,Gable,SS,VinylSd,VinylSd,BrkFace,380,Gd,TA,PC,Ex,TA,Av,Unf,0,Unf,0,1158,1158,GasA,Ex,Y,SBrkr,1158,1218,0,2376,0,0,3,1,4,1,Gd,9,TF,1,Gd,BuiltIn,2005,RFn,3,310.4539721,TA,TA,Y,-143.0436666,-9.930688243,52.13659316,0,0,0,NA,NA,NA,0,11,2006,New,Partial,325300
22,1950,Gable,SS,Wd Sdng,Wd Sdng,None,0,TA,TA,PC,TA,TA,No,Unf,0,Unf,0,637,637,GasA,Ex,Y,FuseF,1108,0,0,1108,0,0,1,0,3,1,Gd,6,TF,1,Gd,Attchd,1930,Unf,1,424.2486405,TA,TA,N,33.6267081,-55.03538147,-19.39209299,0,0,0,NA,GdPrv,NA,0,6,2007,WD,Normal,139400
23,2002,Hip,SS,VinylSd,VinylSd,BrkFace,281,Gd,TA,PC,Gd,TA,No,Unf,0,Unf,0,1777,1777,GasA,Ex,Y,SBrkr,1795,0,0,1795,0,0,2,0,3,1,Gd,7,TF,1,Gd,Attchd,2002,RFn,2,360.7832092,TA,TA,Y,94.32841115,-143.85371,5.708470738,0,0,0,NA,NA,NA,0,9,2008,WD,Normal,230000
24,1976,Gable,SS,CemntBd,CmentBd,None,0,TA,TA,PC,Gd,TA,No,GLQ,840,Unf,0,200,1040,GasA,TA,Y,SBrkr,1060,0,0,1060,1,0,1,0,3,1,TA,6,TF,1,TA,Attchd,1976,Unf,2,335.7672535,TA,TA,Y,-116.9567673,-29.98222839,135.5040718,0,0,0,NA,NA,NA,0,6,2007,WD,Normal,129900
25,2001,Gable,SS,Plywood,Plywood,None,0,TA,Gd,CB,TA,TA,Mn,Rec,188,ALQ,668,204,1060,GasA,Ex,Y,SBrkr,1060,0,0,1060,1,0,1,0,3,1,Gd,6,TF,1,TA,Attchd,1968,Unf,1,603.2175387,TA,TA,Y,120.9240361,30.57358751,16.23256128,0,0,0,NA,MnPrv,NA,0,5,2010,WD,Normal,154000
26,2007,Gable,SS,VinylSd,VinylSd,Stone,640,Gd,TA,PC,Gd,TA,No,Unf,0,Unf,0,1566,1566,GasA,Ex,Y,SBrkr,1600,0,0,1600,0,0,2,0,3,1,Gd,7,TF,1,Gd,Attchd,2007,RFn,3,750.8693367,TA,TA,Y,104.5522854,30.29950026,2.502045304,0,0,0,NA,NA,NA,0,7,2009,WD,Normal,256300
27,2000,Gable,SS,Wd Sdng,Wd Sdng,None,0,TA,TA,CB,TA,TA,Mn,BLQ,234,Rec,486,180,900,GasA,TA,Y,SBrkr,900,0,0,900,0,1,1,0,3,1,Gd,5,TF,0,NA,Detchd,2005,Unf,2,685.3301992,TA,TA,Y,-4.995048043,49.71538502,-14.66732762,0,0,0,NA,NA,NA,0,5,2010,WD,Normal,134800
28,2008,Gable,SS,VinylSd,VinylSd,Stone,200,Gd,TA,PC,Ex,TA,No,GLQ,1218,Unf,0,486,1704,GasA,Ex,Y,SBrkr,1704,0,0,1704,1,0,2,0,3,1,Gd,7,TF,1,Gd,Attchd,2008,RFn,3,568.5644761,TA,TA,Y,99.74485984,25.69877575,108.2892735,0,0,0,NA,NA,NA,0,5,2010,WD,Normal,306000
29,1997,Gable,SS,MetalSd,MetalSd,None,0,TA,TA,CB,TA,TA,Gd,BLQ,1277,Unf,0,207,1484,GasA,TA,Y,SBrkr,1600,0,0,1600,1,0,1,0,2,1,TA,6,TF,2,Gd,Attchd,1957,RFn,1,804.6433059,TA,TA,Y,162.2926668,-111.5524864,30.66781417,0,0,0,NA,NA,NA,0,12,2006,WD,Normal,207500
30,1950,Gable,SS,MetalSd,MetalSd,None,0,TA,TA,BT,TA,TA,No,Unf,0,Unf,0,520,520,GasA,Fa,N,SBrkr,520,0,0,520,0,0,1,0,1,1,Fa,4,TF,0,NA,Detchd,1920,Unf,1,563.2561402,Fa,TA,Y,150.4733297,-76.90135866,90.37000244,0,0,0,NA,NA,NA,0,5,2008,WD,Normal,68500
31,1950,Gambrel,SS,BrkFace,BrkFace,None,0,TA,Fa,BT,TA,TA,No,Unf,0,Unf,0,649,649,GasA,TA,N,SBrkr,649,668,0,1317,0,0,1,0,3,1,TA,6,TF,0,NA,Detchd,1920,Unf,1,777.2836395,TA,Fa,N,129.5069536,23.74870348,95.95054246,0,0,0,NA,MnPrv,NA,0,7,2008,WD,Normal,40000
32,2006,Gable,SS,HdBoard,HdBoard,None,0,TA,TA,CB,TA,TA,No,Unf,0,Unf,0,1228,1228,GasA,Gd,Y,SBrkr,1228,0,0,1228,0,0,1,1,3,1,Gd,6,TF,0,NA,Attchd,1966,Unf,1,442.2104134,TA,TA,Y,111.1472998,38.75600319,-125.2299332,0,0,0,NA,MnPrv,NA,0,6,2008,WD,Normal,149350
33,2007,Gable,SS,VinylSd,VinylSd,None,0,Gd,TA,PC,Ex,TA,Av,Unf,0,Unf,0,1234,1234,GasA,Ex,Y,SBrkr,1234,0,0,1234,0,0,2,0,3,1,Gd,7,TF,0,NA,Attchd,2007,RFn,2,413.8161491,TA,TA,Y,142.0972747,66.9658477,77.11627419,0,0,0,NA,NA,NA,0,1,2008,WD,Normal,179900
34,1959,Hip,SS,BrkFace,BrkFace,None,0,TA,TA,CB,TA,TA,No,Rec,1018,Unf,0,380,1398,GasA,Gd,Y,SBrkr,1700,0,0,1700,0,1,1,1,4,1,Gd,6,TF,1,Gd,Attchd,1959,RFn,2,593.4819916,TA,TA,Y,147.6752335,82.56880421,-1.277729336,0,0,0,NA,NA,NA,0,4,2010,WD,Normal,165500
35,2005,Hip,SS,MetalSd,MetalSd,BrkFace,246,Ex,TA,PC,Ex,TA,No,GLQ,1153,Unf,0,408,1561,GasA,Ex,Y,SBrkr,1561,0,0,1561,1,0,2,0,2,1,Ex,6,TF,1,Gd,Attchd,2005,Fin,2,419.7483591,TA,TA,Y,-48.33719721,29.85031526,58.00430359,0,0,0,NA,NA,NA,0,8,2007,WD,Normal,277500
36,2005,Gable,SS,VinylSd,VinylSd,Stone,132,Gd,TA,PC,Ex,TA,Av,Unf,0,Unf,0,1117,1117,GasA,Ex,Y,SBrkr,1132,1320,0,2452,0,0,3,1,4,1,Gd,9,TF,1,Gd,BuiltIn,2004,Fin,3,267.9286078,TA,TA,Y,-76.63105306,93.69749224,64.90323392,0,0,0,NA,NA,NA,0,9,2006,WD,Normal,309000
37,1995,Gable,SS,VinylSd,VinylSd,None,0,TA,TA,PC,Gd,TA,No,Unf,0,Unf,0,1097,1097,GasA,Ex,Y,SBrkr,1097,0,0,1097,0,0,1,1,3,1,TA,6,TF,0,NA,Attchd,1995,Unf,2,717.4739031,TA,TA,Y,22.08656973,94.7930018,-50.24089687,0,0,0,NA,NA,NA,0,6,2009,WD,Normal,145000
38,1990,Hip,SS,Wd Sdng,Wd Sdng,BrkFace,650,TA,TA,CB,TA,TA,No,Rec,1213,Unf,0,84,1297,GasA,Gd,Y,SBrkr,1297,0,0,1297,0,1,1,0,3,1,TA,5,TF,1,TA,Attchd,1954,Fin,2,237.1902852,TA,TA,Y,108.2243904,129.498303,42.01992953,0,0,0,NA,NA,NA,0,10,2009,WD,Normal,153000
39,2007,Gable,SS,VinylSd,VinylSd,None,0,TA,Gd,CB,TA,TA,No,GLQ,731,Unf,0,326,1057,GasA,TA,Y,SBrkr,1057,0,0,1057,1,0,1,0,3,1,Gd,5,TF,0,NA,Detchd,1953,Unf,1,395.5284934,TA,TA,Y,33.81703564,155.6777554,56.528834,0,0,0,NA,NA,NA,0,1,2010,WD,Abnorml,109000
40,1955,Gable,SS,AsbShng,Plywood,None,0,TA,TA,PC,NA,NA,NA,NA,0,NA,0,0,0,GasA,TA,N,FuseP,1152,0,0,1152,0,0,2,0,2,2,Fa,6,TF,0,NA,NA,NA,NA,0,136.2445215,NA,NA,N,92.62674232,-51.33360649,178.232105,0,0,0,NA,NA,NA,0,6,2008,WD,AdjLand,82000
41,1965,Gable,SS,Wd Sdng,Wd Sdng,BrkFace,101,TA,TA,CB,TA,TA,No,Rec,643,Unf,0,445,1088,GasA,Ex,Y,SBrkr,1324,0,0,1324,0,0,2,0,3,1,TA,6,TF,1,TA,Attchd,1965,RFn,2,621.4538684,TA,TA,Y,26.66516665,114.3559504,127.2402337,0,0,0,NA,GdWo,NA,0,12,2006,WD,Abnorml,160000
42,1959,Gable,SS,VinylSd,VinylSd,None,0,TA,Gd,CB,TA,TA,Gd,BLQ,967,Unf,0,383,1350,GasA,Gd,Y,SBrkr,1328,0,0,1328,0,1,1,1,2,1,TA,5,TF,2,Gd,Attchd,1959,RFn,1,544.5001003,TA,TA,P,45.28744512,70.58727182,-58.69286079,0,0,0,NA,NA,NA,0,7,2007,WD,Normal,170000
43,1983,Gable,SS,HdBoard,HdBoard,None,0,TA,TA,CB,Gd,TA,Av,ALQ,747,LwQ,93,0,840,GasA,Gd,Y,SBrkr,884,0,0,884,1,0,1,0,2,1,Gd,5,TF,0,NA,Attchd,1983,RFn,2,293.2254629,TA,Gd,Y,370.5239257,57.03109643,69.94522351,0,0,0,NA,MnPrv,NA,0,12,2007,WD,Normal,144000
44,1980,Hip,SS,VinylSd,VinylSd,None,0,TA,TA,CB,Gd,TA,Av,LwQ,280,BLQ,491,167,938,GasA,TA,Y,SBrkr,938,0,0,938,1,0,1,0,3,1,TA,5,TF,0,NA,Detchd,1977,Unf,1,491.6602523,TA,TA,Y,94.88300275,5.646183412,-2.390122772,0,0,0,NA,MnPrv,NA,0,7,2008,WD,Normal,130250
45,1959,Gable,SS,BrkFace,Wd Sdng,None,0,TA,TA,CB,TA,TA,No,ALQ,179,BLQ,506,465,1150,GasA,Ex,Y,FuseA,1150,0,0,1150,1,0,1,0,3,1,TA,6,TF,0,NA,Attchd,1959,RFn,1,110.1744117,TA,TA,Y,-136.453742,-58.28739675,-35.53455452,0,0,0,NA,NA,NA,0,5,2006,WD,Normal,141000
46,2005,Hip,SS,MetalSd,MetalSd,BrkFace,412,Ex,TA,PC,Ex,TA,No,GLQ,456,Unf,0,1296,1752,GasA,Ex,Y,SBrkr,1752,0,0,1752,1,0,2,0,2,1,Ex,6,TF,1,Gd,Attchd,2005,RFn,2,654.1359453,TA,TA,Y,-49.56180402,36.33283773,-39.84233715,0,0,0,NA,NA,NA,0,2,2010,WD,Normal,319900
47,2003,Gable,SS,VinylSd,VinylSd,None,0,Gd,TA,PC,Ex,TA,No,GLQ,1351,Unf,0,83,1434,GasA,Ex,Y,SBrkr,1518,631,0,2149,1,0,1,1,1,1,Gd,6,TF,1,Ex,Attchd,2003,RFn,2,96.54905156,TA,TA,Y,308.2259253,167.5150576,3.620214297,0,198,0,NA,NA,NA,0,8,2009,WD,Abnorml,239686
48,2006,Gable,SS,VinylSd,VinylSd,None,0,Gd,TA,PC,Gd,TA,Av,GLQ,24,Unf,0,1632,1656,GasA,Ex,Y,SBrkr,1656,0,0,1656,0,0,2,0,3,1,Gd,7,TF,0,NA,Attchd,2006,RFn,3,577.63704,TA,TA,Y,-45.91933692,88.2275502,-16.55949498,0,0,0,NA,NA,NA,0,7,2007,WD,Normal,249700
49,2008,Gable,SS,MetalSd,MetalSd,None,0,TA,TA,BT,TA,TA,No,Unf,0,Unf,0,736,736,GasA,Gd,Y,SBrkr,736,716,0,1452,0,0,2,0,2,3,TA,8,TF,0,NA,NA,NA,NA,0,512.6377882,NA,NA,N,34.03035501,-15.99178181,90.33547898,0,0,0,NA,NA,NA,0,6,2009,New,Partial,113000
50,1966,Gable,SS,HdBoard,HdBoard,None,0,TA,TA,CB,TA,TA,No,BLQ,763,Unf,0,192,955,GasA,Ex,Y,SBrkr,955,0,0,955,1,0,1,0,3,1,TA,6,TF,0,NA,Attchd,1966,Unf,1,582.1882249,TA,TA,Y,-71.56773366,107.9239966,25.62519415,0,0,0,NA,MnPrv,NA,0,1,2007,WD,Normal,127000
51,1997,Gable,SS,VinylSd,VinylSd,None,0,TA,TA,PC,Gd,TA,Av,GLQ,182,Unf,0,612,794,GasA,Gd,Y,SBrkr,794,676,0,1470,0,1,2,0,3,1,TA,6,TF,0,NA,Attchd,1997,Fin,2,846.8765419,TA,TA,Y,140.8105087,-42.46747199,-94.08843257,0,0,0,NA,NA,NA,0,7,2007,WD,Normal,177000
52,1950,Gable,SS,Wd Sdng,Wd Sdng,None,0,TA,TA,PC,TA,TA,No,Unf,0,Unf,0,816,816,GasA,TA,Y,SBrkr,816,0,360,1176,0,0,1,0,3,1,TA,6,TF,1,Gd,Detchd,1985,Unf,2,258.5593037,TA,TA,Y,31.88679967,130.5536591,-20.4592516,0,0,0,NA,MnPrv,Shed,400,9,2006,WD,Normal,114500
53,1963,Gable,SS,Wd Sdng,Wd Sdng,None,0,Fa,TA,CB,Gd,TA,Gd,LwQ,104,GLQ,712,0,816,GasA,TA,N,SBrkr,816,0,0,816,1,0,1,0,2,1,TA,5,TF,0,NA,CarPort,1963,Unf,2,607.5175681,TA,TA,Y,181.9416488,-96.65532467,22.44155857,0,0,0,NA,NA,NA,0,5,2010,WD,Normal,110000
54,1987,Gable,WSh,WdShing,Wd Shng,None,0,Gd,TA,CB,Ex,TA,Gd,GLQ,1810,Unf,0,32,1842,GasA,Gd,Y,SBrkr,1842,0,0,1842,2,0,0,1,0,1,Gd,5,TF,1,Gd,Attchd,1981,Fin,3,569.9209179,TA,TA,Y,134.0751831,24.68107366,-3.212458,0,0,0,NA,NA,NA,0,11,2006,WD,Normal,385000
55,1955,Gable,SS,MetalSd,MetalSd,None,0,TA,TA,CB,TA,TA,No,ALQ,384,Unf,0,0,384,GasA,TA,Y,SBrkr,1360,0,0,1360,0,0,1,0,3,1,TA,6,MD1,1,TA,Detchd,1962,Unf,2,403.1134806,TA,TA,Y,4.117301319,34.19463716,56.08319121,0,0,0,NA,MnPrv,NA,0,2,2007,WD,Normal,130000
56,1964,Gable,SS,HdBoard,Plywood,BrkFace,272,TA,TA,CB,TA,TA,No,BLQ,490,Unf,0,935,1425,GasA,Gd,Y,SBrkr,1425,0,0,1425,0,0,2,0,3,1,TA,7,TF,1,Gd,Attchd,1964,RFn,2,450.3479153,TA,TA,Y,78.99129364,24.41312171,135.3952663,407,0,0,NA,NA,NA,0,7,2008,WD,Normal,180500
57,2000,Gable,SS,MetalSd,MetalSd,BrkFace,456,Gd,TA,PC,Gd,TA,No,GLQ,649,Unf,0,321,970,GasA,Ex,Y,SBrkr,983,756,0,1739,1,0,2,1,3,1,Gd,7,TF,0,NA,Attchd,1999,Fin,2,742.6971474,TA,TA,Y,23.18174682,165.69276,-34.01352573,0,0,0,NA,NA,NA,0,8,2009,WD,Abnorml,172500
58,2004,Gable,SS,VinylSd,VinylSd,None,0,Gd,TA,PC,Gd,TA,No,Unf,0,Unf,0,860,860,GasA,Ex,Y,SBrkr,860,860,0,1720,0,0,2,1,3,1,Gd,7,TF,0,NA,Attchd,2004,RFn,2,375.5301762,TA,TA,Y,57.59033022,0.975575923,11.26190021,0,0,0,NA,NA,NA,0,8,2006,WD,Normal,196500
59,2006,Hip,SS,VinylSd,VinylSd,BrkFace,1031,Ex,TA,PC,Ex,TA,Gd,Unf,0,Unf,0,1410,1410,GasA,Ex,Y,SBrkr,1426,1519,0,2945,0,0,3,1,3,1,Gd,10,TF,1,Gd,BuiltIn,2006,Fin,3,539.4719527,TA,TA,Y,143.5466109,38.09663446,-44.07156785,0,0,0,NA,NA,NA,0,10,2006,New,Partial,438780
60,1972,Gable,SS,HdBoard,HdBoard,None,0,TA,TA,CB,TA,TA,Av,ALQ,632,Unf,0,148,780,GasA,Ex,Y,SBrkr,780,0,0,780,0,0,1,0,2,1,TA,4,TF,0,NA,Detchd,1973,Unf,1,367.9304431,TA,TA,Y,-106.2415904,6.065544701,32.13668218,0,0,0,NA,MnPrv,NA,0,1,2008,WD,Normal,124900
61,2004,Gable,SS,VinylSd,VinylSd,None,0,TA,TA,PC,Gd,TA,No,ALQ,941,Unf,0,217,1158,GasA,Ex,Y,SBrkr,1158,0,0,1158,1,0,1,1,3,1,Gd,5,TF,0,NA,Detchd,2006,Unf,2,21.53949191,TA,TA,Y,129.5781963,-103.9118952,97.26064831,0,0,0,NA,NA,NA,0,5,2006,New,Partial,158000
62,1996,Gable,SS,MetalSd,MetalSd,None,0,TA,TA,BT,TA,Fa,No,Unf,0,Unf,0,530,530,GasA,TA,N,SBrkr,581,530,0,1111,0,0,1,0,3,1,Fa,6,TF,0,NA,Detchd,1935,Unf,1,235.0829995,TA,TA,N,79.68430261,102.3197743,68.32526409,0,0,0,NA,NA,NA,0,3,2007,WD,Normal,101000
63,2006,Gable,SS,VinylSd,VinylSd,Stone,178,Gd,TA,PC,Gd,Gd,Mn,GLQ,24,Unf,0,1346,1370,GasA,Ex,Y,SBrkr,1370,0,0,1370,0,0,2,0,2,1,Gd,6,TF,1,Gd,Attchd,2006,RFn,2,102.254745,TA,TA,Y,210.461789,9.602987804,-11.49508248,0,0,0,NA,NA,NA,0,10,2007,WD,Normal,202500
64,1950,Gable,SS,Stucco,Stucco,None,0,TA,TA,BT,TA,TA,No,Unf,0,Unf,0,576,576,GasA,Gd,Y,SBrkr,902,808,0,1710,0,0,2,0,3,1,TA,9,TF,0,NA,Detchd,1990,Unf,2,777.1073708,TA,TA,Y,-84.86270366,-10.62758548,30.94613268,0,0,0,NA,GdPrv,NA,0,4,2010,WD,Normal,140000
65,1998,Gable,SS,VinylSd,VinylSd,BrkFace,573,TA,TA,PC,Gd,TA,No,GLQ,739,Unf,0,318,1057,GasA,Ex,Y,SBrkr,1057,977,0,2034,1,0,2,1,3,1,Gd,8,TF,0,NA,Attchd,1998,RFn,2,781.8988952,TA,TA,Y,189.2468916,24.74131735,58.50142166,0,0,0,NA,GdPrv,NA,0,2,2009,WD,Normal,219500
66,2005,Gable,SS,VinylSd,VinylSd,BrkFace,344,Gd,TA,PC,Ex,TA,Av,Unf,0,Unf,0,1143,1143,GasA,Ex,Y,SBrkr,1143,1330,0,2473,0,0,2,1,4,1,Gd,9,TF,1,Gd,BuiltIn,2004,RFn,3,405.1776671,TA,TA,Y,68.19054368,39.70749008,29.36703652,0,0,0,NA,NA,NA,0,10,2007,WD,Normal,317000
67,1989,Gable,SS,Plywood,Plywood,BrkFace,287,TA,TA,CB,Gd,TA,Gd,GLQ,912,Unf,0,1035,1947,GasA,TA,Y,SBrkr,2207,0,0,2207,1,0,2,0,3,1,TA,7,MD1,1,Gd,Attchd,1970,RFn,2,338.577519,TA,TA,Y,139.0913186,-19.97658891,-11.38825291,0,0,0,NA,NA,NA,0,7,2010,WD,Normal,180000
68,2003,Gable,SS,VinylSd,VinylSd,BrkFace,167,Gd,TA,PC,Gd,TA,Av,GLQ,1013,Unf,0,440,1453,GasA,Ex,Y,SBrkr,1479,0,0,1479,1,0,2,0,3,1,Gd,7,TF,0,NA,Attchd,2003,RFn,2,765.2546999,TA,TA,Y,4.63133471,47.60829457,73.40733788,0,0,0,NA,NA,NA,0,6,2007,WD,Normal,226000
69,1950,Gable,SS,MetalSd,MetalSd,None,0,TA,Gd,CB,TA,TA,No,Unf,0,Unf,0,747,747,GasA,TA,Y,SBrkr,747,0,0,747,0,0,1,0,2,1,TA,4,TF,0,NA,Attchd,1945,Unf,1,362.2616548,TA,TA,Y,100.6574009,1.488239292,-77.06648233,0,0,0,NA,NA,NA,0,6,2010,WD,Normal,80000
70,1953,Gable,SS,BrkFace,AsbShng,None,0,Gd,TA,CB,TA,TA,No,BLQ,603,Unf,0,701,1304,GasW,TA,Y,SBrkr,1304,983,0,2287,0,0,2,0,3,1,TA,7,TF,1,TA,Attchd,1953,Fin,2,-16.86034661,TA,TA,Y,-162.7398894,113.7577995,114.8069476,0,0,0,NA,NA,NA,0,7,2006,WD,Normal,225000
71,1973,Gable,SS,Plywood,Plywood,BrkFace,1115,TA,Gd,CB,Gd,TA,Gd,ALQ,1880,Unf,0,343,2223,GasA,Ex,Y,SBrkr,2223,0,0,2223,1,0,2,0,3,1,TA,8,TF,2,Gd,Attchd,1973,Fin,2,552.9030395,TA,TA,Y,193.0773209,50.37351217,112.8968464,0,0,0,NA,NA,NA,0,2,2007,WD,Normal,244000
72,2006,Gable,SS,HdBoard,Plywood,None,0,TA,TA,CB,TA,TA,No,ALQ,565,Unf,0,280,845,GasA,TA,Y,SBrkr,845,0,0,845,1,0,1,0,2,1,TA,4,TF,0,NA,Detchd,1987,Unf,2,333.1409565,TA,TA,Y,-171.7647678,116.7493187,-39.1243494,0,0,0,NA,NA,NA,0,6,2007,WD,Normal,129500
73,1998,Gable,SS,VinylSd,VinylSd,BrkFace,40,TA,TA,PC,Gd,TA,No,Unf,0,Unf,0,832,832,GasA,Gd,Y,SBrkr,885,833,0,1718,0,0,2,1,3,1,TA,7,TF,1,TA,Attchd,1998,Fin,2,429.3669263,TA,TA,Y,-14.8966349,95.40305158,111.6300967,0,291,0,NA,NA,NA,0,12,2009,WD,Normal,185000
74,2003,Gable,SS,Wd Sdng,Wd Sdng,BrkFace,104,TA,TA,CB,TA,TA,No,ALQ,320,BLQ,362,404,1086,GasA,Gd,Y,SBrkr,1086,0,0,1086,1,0,1,0,3,1,TA,6,TF,0,NA,Attchd,1989,Unf,2,304.1884116,TA,TA,Y,146.6101509,32.29217389,84.69571218,0,0,0,NA,GdWo,NA,0,5,2010,WD,Normal,144900
75,1950,Gambrel,SS,VinylSd,VinylSd,None,0,Gd,Gd,CB,Fa,TA,No,Unf,0,Unf,0,840,840,GasA,Gd,N,SBrkr,840,765,0,1605,0,0,2,0,3,2,TA,8,TF,0,NA,Detchd,1915,Unf,1,693.5697603,TA,TA,Y,156.3673375,94.06068743,11.17382388,0,0,0,NA,NA,NA,0,5,2010,WD,Normal,107400
76,1973,Gable,SS,CemntBd,CmentBd,None,0,TA,TA,CB,Gd,TA,Gd,GLQ,462,Unf,0,0,462,GasA,TA,Y,SBrkr,526,462,0,988,1,0,1,0,2,1,TA,5,TF,0,NA,BuiltIn,1973,Unf,1,321.9281209,TA,TA,Y,53.79948708,29.45446068,-17.57000176,0,0,0,NA,GdWo,NA,0,11,2009,WD,Normal,91000
77,1956,Gable,SS,VinylSd,VinylSd,None,0,TA,TA,CB,TA,TA,No,ALQ,228,Unf,0,724,952,GasA,Ex,Y,FuseA,952,0,0,952,0,0,1,0,2,1,TA,4,TF,0,NA,Detchd,1956,Unf,1,561.5477447,TA,TA,Y,74.82001692,33.989246,7.690373794,0,0,0,NA,NA,NA,0,4,2008,WD,Normal,135750
78,2001,Gable,SS,Wd Sdng,Wd Sdng,None,0,TA,TA,CB,TA,TA,No,BLQ,336,GLQ,41,295,672,GasA,TA,Y,SBrkr,1072,213,0,1285,1,0,1,0,2,1,TA,6,MD1,0,NA,Detchd,1948,Unf,1,743.1201007,TA,TA,Y,51.79441366,91.4042926,67.46639572,0,0,0,NA,MnPrv,NA,0,1,2008,WD,Normal,127000
79,1968,Hip,SS,HdBoard,HdBoard,None,0,TA,TA,CB,TA,TA,No,Unf,0,Unf,0,1768,1768,GasA,TA,N,SBrkr,1768,0,0,1768,0,0,2,0,4,2,TA,8,TF,0,NA,NA,NA,NA,0,341.0191785,NA,NA,Y,21.0018244,-8.880473912,169.7350415,0,0,0,NA,NA,NA,0,4,2010,WD,Normal,136500
80,1981,Gable,SS,Wd Sdng,Wd Sdng,None,0,TA,TA,PC,TA,TA,No,Unf,0,Unf,0,440,440,GasA,Gd,Y,SBrkr,682,548,0,1230,0,0,1,1,2,1,TA,5,TF,0,NA,Detchd,1966,Unf,2,636.6983056,TA,TA,Y,13.90996814,175.5508018,-4.754443076,0,0,0,NA,MnPrv,NA,0,5,2009,WD,Normal,110000
81,1968,Gable,SS,VinylSd,VinylSd,BrkFace,576,TA,Gd,CB,Gd,TA,No,Rec,448,Unf,0,448,896,GasA,TA,Y,SBrkr,1182,960,0,2142,0,0,2,1,4,1,Gd,8,TF,1,Gd,Attchd,1968,Fin,1,307.8393573,TA,TA,Y,121.9059204,33.20276522,65.13321663,0,252,0,NA,NA,NA,0,6,2009,WD,Normal,193500
82,1998,Hip,SS,VinylSd,VinylSd,BrkFace,443,TA,Gd,PC,Ex,Gd,No,GLQ,1201,Unf,0,36,1237,GasA,Ex,Y,SBrkr,1337,0,0,1337,1,0,2,0,2,1,TA,5,TF,0,NA,Attchd,1998,Fin,2,564.9130347,TA,TA,Y,-258.3666053,65.6736124,2.633328219,0,0,0,NA,NA,NA,0,3,2006,WD,Normal,153500
83,2007,Gable,SS,VinylSd,VinylSd,Stone,468,TA,TA,PC,Gd,TA,No,GLQ,33,Unf,0,1530,1563,GasA,Ex,Y,SBrkr,1563,0,0,1563,0,0,2,0,3,1,Gd,6,TF,1,Gd,Attchd,2007,RFn,3,593.688659,TA,TA,Y,157.8189232,-36.51951092,-38.70562022,0,0,0,NA,NA,NA,0,10,2008,WD,Normal,245000
84,1960,Gable,SS,MetalSd,MetalSd,BrkCmn,66,TA,TA,CB,TA,TA,No,Unf,0,Unf,0,1065,1065,GasA,Gd,Y,SBrkr,1065,0,0,1065,0,0,1,1,3,1,TA,6,TF,0,NA,Detchd,1974,Unf,2,612.2382132,TA,TA,Y,18.87563161,-70.2896977,6.360141566,0,0,0,NA,NA,NA,0,7,2007,COD,Normal,126500
85,1996,Gable,SS,HdBoard,HdBoard,BrkFace,22,TA,TA,PC,Gd,TA,No,Unf,0,Unf,0,384,384,GasA,Gd,Y,SBrkr,804,670,0,1474,0,0,2,1,3,1,TA,7,TF,1,TA,BuiltIn,1995,Fin,2,661.5309496,TA,TA,Y,-3.584515906,-87.65120109,101.9420363,0,0,0,NA,NA,Shed,700,5,2009,WD,Normal,168500
86,1992,Hip,SS,HdBoard,HdBoard,BrkFace,284,Gd,TA,CB,Gd,TA,No,Unf,0,Unf,0,1288,1288,GasA,Ex,Y,SBrkr,1301,1116,0,2417,0,0,2,1,4,1,Gd,9,TF,1,TA,Attchd,1991,Unf,2,465.8217388,TA,TA,Y,44.63547272,-0.328328394,-56.76411755,0,0,0,NA,NA,NA,0,4,2006,WD,Normal,260000
87,2005,Gable,SS,VinylSd,VinylSd,None,0,Gd,TA,PC,Gd,TA,Av,Unf,0,Unf,0,684,684,GasA,Ex,Y,SBrkr,684,876,0,1560,0,0,2,1,3,1,Gd,6,TF,1,Gd,BuiltIn,2005,Fin,2,516.8278722,TA,TA,Y,21.8616245,17.99692467,-70.42405009,0,0,0,NA,NA,NA,0,3,2009,WD,Normal,174000
88,2009,Gable,SS,VinylSd,VinylSd,Stone,76,Gd,TA,PC,Gd,TA,Av,Unf,0,Unf,0,612,612,GasA,Ex,Y,SBrkr,612,612,0,1224,0,0,2,1,2,1,Gd,4,TF,0,NA,Detchd,2009,RFn,2,464.9092967,TA,TA,Y,254.9310845,149.2568916,7.549376058,0,0,0,NA,NA,NA,0,6,2009,New,Partial,164500
89,1982,Hip,SS,Plywood,Plywood,None,0,Fa,Fa,CB,TA,Fa,No,Unf,0,Unf,0,1013,1013,GasA,TA,N,SBrkr,1013,0,513,1526,0,0,1,0,2,1,Fa,6,TF,0,NA,NA,NA,NA,0,182.8456011,NA,NA,N,-79.71921814,45.57266411,-7.990151559,0,0,0,NA,MnPrv,NA,0,10,2009,ConLD,Abnorml,85000
90,1995,Gable,SS,VinylSd,VinylSd,None,0,TA,TA,PC,Gd,TA,No,GLQ,588,Unf,0,402,990,GasA,Ex,Y,SBrkr,990,0,0,990,1,0,1,0,3,1,TA,5,TF,0,NA,NA,NA,NA,0,394.8365235,NA,NA,Y,253.1615584,181.0467053,46.30368098,0,0,0,NA,NA,NA,0,8,2007,WD,Normal,123600
91,1950,Gable,SS,BrkFace,Wd Sdng,None,0,TA,TA,SL,NA,NA,NA,NA,0,NA,0,0,0,GasA,TA,Y,FuseA,1040,0,0,1040,0,0,1,0,2,1,TA,4,TF,0,NA,Detchd,1950,Unf,2,468.6444654,TA,TA,Y,-41.18842134,43.31733146,1.178925397,0,0,0,NA,NA,NA,0,7,2006,WD,Normal,109900
92,1961,Hip,SS,HdBoard,HdBoard,BrkCmn,203,TA,TA,CB,TA,TA,No,Rec,600,Unf,0,635,1235,GasA,TA,Y,SBrkr,1235,0,0,1235,0,0,1,0,2,1,TA,6,TF,0,NA,Attchd,1961,Unf,2,532.0311906,TA,TA,Y,-59.59358097,-16.58644281,37.49371831,0,0,0,NA,GdWo,NA,0,12,2006,WD,Abnorml,98600
93,2006,Gable,SS,Wd Sdng,Wd Sdng,None,0,TA,Gd,BT,Gd,TA,No,ALQ,713,Unf,0,163,876,GasA,Ex,Y,SBrkr,964,0,0,964,1,0,1,0,2,1,TA,5,TF,0,NA,Detchd,1921,Unf,2,414.7406432,TA,TA,Y,70.0547625,119.5652458,132.8068746,0,0,0,NA,NA,NA,0,8,2009,WD,Normal,163500
94,1998,Hip,SS,MetalSd,MetalSd,None,0,TA,TA,BT,TA,Fa,Mn,Rec,1046,Unf,0,168,1214,GasW,Ex,N,SBrkr,1260,1031,0,2291,0,1,2,0,4,2,TA,9,TF,1,Gd,Detchd,1900,Unf,2,305.2323442,TA,TA,Y,85.57633266,11.54109494,-65.58239867,0,99,0,NA,NA,NA,0,11,2007,WD,Normal,133900
95,1997,Gable,SS,VinylSd,VinylSd,None,0,TA,Gd,PC,Gd,TA,No,GLQ,648,Unf,0,176,824,GasA,Ex,Y,SBrkr,905,881,0,1786,1,0,2,1,3,1,Gd,7,TF,0,NA,Attchd,1997,RFn,2,381.2843325,TA,TA,Y,-89.24754542,145.6175418,22.74478118,0,0,0,NA,NA,NA,0,5,2007,WD,Normal,204750
96,1993,Gable,SS,VinylSd,VinylSd,BrkFace,68,Ex,Gd,PC,Gd,Gd,No,ALQ,310,Unf,0,370,680,GasA,Gd,Y,SBrkr,680,790,0,1470,0,0,2,1,3,1,TA,6,TF,1,TA,BuiltIn,1993,Fin,2,588.8632663,TA,TA,Y,168.7873682,23.26779606,53.1103568,0,0,0,NA,NA,Shed,480,4,2009,WD,Normal,185000
97,1999,Gable,SS,VinylSd,VinylSd,BrkFace,183,Gd,TA,PC,Gd,TA,Av,ALQ,1162,Unf,0,426,1588,GasA,Ex,Y,SBrkr,1588,0,0,1588,0,0,2,0,3,1,Gd,6,TF,0,NA,Attchd,1999,RFn,2,545.0749437,TA,TA,Y,40.72398268,-4.245986012,71.38493655,0,0,0,NA,NA,NA,0,8,2006,WD,Normal,214000
98,1965,Hip,SS,HdBoard,HdBoard,BrkFace,48,TA,TA,CB,TA,TA,No,Rec,520,Unf,0,440,960,GasA,TA,Y,FuseF,960,0,0,960,1,0,1,0,3,1,TA,6,TF,0,NA,Attchd,1965,Fin,1,513.1062421,TA,TA,P,-37.09806513,-25.1282222,-2.669536505,0,0,0,NA,NA,NA,0,5,2007,WD,Normal,94750
99,1950,Gable,SS,Wd Sdng,Wd Sdng,None,0,TA,TA,BT,TA,TA,No,ALQ,108,Unf,0,350,458,GasA,Fa,N,SBrkr,835,0,0,835,0,0,1,0,2,1,TA,5,TF,0,NA,Basment,1920,Unf,1,620.6751983,Fa,TA,Y,102.2756856,82.6986338,-57.60526512,0,0,0,NA,NA,Shed,400,5,2010,COD,Abnorml,83000
100,1959,Gable,SS,Plywood,Plywood,None,0,TA,TA,CB,TA,TA,No,ALQ,569,Unf,0,381,950,GasA,Fa,Y,SBrkr,1225,0,0,1225,1,0,1,1,3,1,TA,6,TF,0,NA,NA,NA,NA,0,131.3391485,NA,NA,Y,149.3394874,41.94541751,-34.14354729,0,0,0,NA,NA,Shed,400,1,2010,WD,Normal,128950
101,2001,Gable,SS,Plywood,Plywood,BrkFace,28,TA,TA,PC,TA,TA,Mn,ALQ,1200,Unf,0,410,1610,GasA,Gd,Y,SBrkr,1610,0,0,1610,1,0,2,0,3,1,Gd,6,TF,2,TA,Attchd,1977,RFn,2,627.9484911,TA,TA,Y,56.08105856,32.62372351,18.18213704,0,0,0,NA,NA,NA,0,2,2010,WD,Normal,205000
102,1985,Gable,SS,HdBoard,HdBoard,BrkFace,336,Gd,TA,CB,Gd,TA,No,Unf,0,Unf,0,741,741,GasA,TA,Y,SBrkr,977,755,0,1732,0,0,2,1,3,1,Gd,7,TF,1,TA,Attchd,1985,Fin,2,279.7890997,TA,TA,Y,152.8367324,-1.071697739,99.49133612,0,0,0,NA,NA,NA,0,6,2010,WD,Normal,178000
103,1979,Gable,SS,HdBoard,HdBoard,None,0,TA,Fa,SL,NA,NA,NA,NA,0,NA,0,0,0,GasA,TA,Y,SBrkr,1535,0,0,1535,0,0,2,0,4,2,TA,8,TF,0,NA,Attchd,1979,Unf,2,329.4561879,TA,TA,Y,278.1347908,42.79699528,40.28260432,0,0,0,NA,NA,NA,0,6,2009,WD,Alloca,118964
104,2009,Gable,SS,VinylSd,VinylSd,None,0,TA,TA,PC,Gd,TA,No,Unf,0,Unf,0,1226,1226,GasA,Ex,Y,SBrkr,1226,0,0,1226,0,0,2,0,3,1,Gd,6,TF,0,NA,Attchd,2009,RFn,3,119.1401145,TA,TA,Y,287.3107592,49.19088881,10.09574326,0,0,0,NA,NA,NA,0,5,2010,WD,Normal,198900
105,1950,Gable,SS,Stucco,Stucco,BrkFace,600,TA,Fa,PC,TA,TA,No,LwQ,224,Unf,0,816,1040,GasA,Ex,Y,FuseF,1226,592,0,1818,0,0,1,1,4,1,TA,7,TF,2,TA,Detchd,1951,Unf,1,116.6053807,TA,TA,Y,248.2175853,29.61927743,97.83469206,0,184,0,NA,NA,NA,0,6,2007,WD,Normal,169500
106,2004,Hip,SS,VinylSd,VinylSd,BrkFace,768,Gd,TA,PC,Ex,TA,No,Unf,0,Unf,0,1053,1053,GasA,Ex,Y,SBrkr,1053,939,0,1992,0,0,2,1,3,1,Gd,9,TF,1,Gd,Attchd,2003,RFn,2,496.7550537,TA,TA,Y,142.7233324,139.2815873,64.90281433,0,0,0,NA,NA,NA,0,8,2008,WD,Normal,250000
107,1995,Mansard,SS,VinylSd,VinylSd,None,0,TA,TA,BT,Fa,TA,No,Unf,0,Unf,0,641,641,GasA,Gd,Y,SBrkr,1047,0,0,1047,0,0,1,0,2,1,TA,6,TF,0,NA,Detchd,1954,Unf,1,690.7513658,Fa,Fa,N,210.8595918,127.5935022,38.55171363,0,0,0,NA,NA,Shed,450,8,2007,WD,Normal,100000
108,1950,Gable,SS,VinylSd,VinylSd,None,0,TA,TA,CB,TA,TA,No,ALQ,104,BLQ,169,516,789,GasA,Ex,Y,SBrkr,789,0,0,789,0,0,1,0,2,1,TA,5,TF,0,NA,Detchd,1948,Unf,1,571.6594254,TA,TA,Y,113.1475854,10.36239249,-143.7239732,0,0,0,NA,NA,NA,0,4,2008,WD,Partial,115000
109,2005,Gable,SS,CemntBd,CmentBd,None,0,TA,TA,CB,TA,TA,No,Unf,0,Unf,0,793,793,GasW,TA,N,FuseF,997,520,0,1517,0,0,2,0,3,1,Fa,7,TF,0,NA,NA,NA,NA,0,481.0790516,NA,NA,N,300.3945523,-19.67561558,-105.6364309,0,0,0,NA,NA,NA,0,8,2007,WD,Normal,115000
110,1977,Hip,SS,Plywood,Plywood,BrkFace,480,TA,TA,CB,Gd,TA,No,BLQ,705,Unf,0,1139,1844,GasA,Ex,Y,SBrkr,1844,0,0,1844,0,0,2,0,3,1,TA,7,TF,1,TA,Attchd,1977,RFn,2,268.7690042,TA,TA,Y,64.46335399,89.23493943,-30.32150125,0,0,0,NA,MnPrv,NA,0,1,2010,COD,Normal,190000
111,1972,Gable,SS,Wd Sdng,Wd Sdng,None,0,TA,TA,CB,TA,Fa,No,Rec,444,Unf,0,550,994,GasA,Gd,Y,SBrkr,1216,639,0,1855,0,0,2,0,4,1,TA,7,TF,0,NA,Attchd,1954,Unf,1,645.8646319,TA,TA,Y,304.6497555,81.15299579,50.7083351,0,0,0,NA,NA,NA,0,10,2006,WD,Normal,136900
112,2000,Gable,SS,VinylSd,VinylSd,None,0,TA,TA,PC,Gd,TA,No,GLQ,250,Unf,0,134,384,GasA,Ex,Y,SBrkr,774,656,0,1430,0,0,2,1,3,1,TA,7,TF,1,TA,BuiltIn,2000,Fin,2,531.0076591,TA,TA,Y,102.8498976,27.03376336,80.97371855,0,0,0,NA,NA,NA,0,4,2010,WD,Normal,180000
113,2007,Gable,SS,VinylSd,VinylSd,Stone,220,Gd,TA,PC,Ex,TA,Av,GLQ,984,Unf,0,280,1264,GasA,Ex,Y,SBrkr,1282,1414,0,2696,1,0,2,1,4,1,Ex,10,TF,1,Gd,BuiltIn,2007,Fin,3,374.4299439,TA,TA,Y,-58.91366947,48.91222241,27.95311931,0,168,0,NA,NA,NA,0,10,2007,New,Partial,383970
114,1953,Hip,SS,Wd Sdng,Wd Sdng,BrkFace,184,TA,Gd,CB,Gd,TA,Mn,ALQ,35,Rec,869,905,1809,GasA,TA,Y,SBrkr,2259,0,0,2259,1,0,2,0,3,1,Gd,7,TF,2,Gd,Basment,1953,Unf,2,548.279291,TA,TA,Y,170.5162042,76.57750732,39.25043978,0,0,0,NA,MnPrv,NA,0,10,2007,COD,Abnorml,217000
115,2002,Gambrel,SS,Wd Sdng,Wd Sdng,None,0,TA,TA,CB,TA,TA,No,ALQ,774,LwQ,150,104,1028,GasA,Ex,Y,SBrkr,1436,884,0,2320,1,0,2,1,3,1,Gd,9,TF,1,TA,Detchd,1945,Unf,1,1076.811737,TA,TA,Y,127.9803981,66.38525508,90.28673149,0,0,0,NA,MnPrv,NA,0,7,2007,WD,Normal,259500
116,1999,Gable,SS,MetalSd,MetalSd,BrkFace,1129,TA,TA,PC,Gd,TA,No,GLQ,419,Unf,0,310,729,GasA,Gd,Y,SBrkr,729,729,0,1458,0,0,2,1,2,1,TA,5,TF,1,Fa,Detchd,1999,Unf,2,722.7636296,TA,TA,Y,193.4193443,34.94916354,96.98419913,0,0,0,NA,NA,NA,0,6,2007,WD,Normal,176000
117,1962,Gable,SS,Wd Sdng,Wd Sdng,BrkFace,116,TA,TA,CB,TA,TA,No,LwQ,170,BLQ,670,252,1092,GasA,TA,Y,SBrkr,1092,0,0,1092,0,1,1,0,3,1,TA,6,TF,1,Po,Attchd,1962,Unf,1,618.5182103,TA,TA,Y,19.08824862,55.34613529,79.01691387,0,0,0,NA,NA,NA,0,9,2009,WD,Normal,139000
118,2007,Gable,SS,VinylSd,VinylSd,None,0,TA,TA,PC,Gd,TA,No,Unf,0,Unf,0,1125,1125,GasA,Gd,Y,SBrkr,1125,0,0,1125,0,0,1,1,2,1,TA,5,TF,0,NA,Attchd,2007,Unf,2,491.0297353,TA,TA,Y,135.5984979,59.47706429,67.45199675,0,0,0,NA,NA,NA,0,4,2007,New,Partial,155000
119,1990,Hip,SS,Plywood,Plywood,None,0,TA,TA,PC,Gd,TA,Mn,GLQ,1470,Unf,0,203,1673,GasA,Gd,Y,SBrkr,1699,1523,0,3222,1,0,3,0,5,1,Gd,11,TF,2,TA,Attchd,1990,Unf,3,368.0227185,TA,TA,Y,-50.75544096,-37.98475186,-20.84596839,0,0,0,NA,NA,NA,0,5,2010,WD,Normal,320000
120,2006,Gable,SS,VinylSd,VinylSd,None,0,Gd,TA,PC,Gd,TA,No,Unf,0,Unf,0,728,728,GasA,Ex,Y,SBrkr,728,728,0,1456,0,0,2,1,3,1,Gd,8,TF,1,Gd,Attchd,2005,Fin,2,521.6603375,TA,TA,Y,100.3158285,-20.0505151,-75.90357658,0,0,0,NA,NA,NA,0,7,2006,New,Partial,163990
121,1969,Flat,ME,Plywood,Plywood,None,0,TA,TA,CB,TA,TA,Gd,ALQ,938,Unf,0,0,938,GasA,Ex,Y,SBrkr,988,0,0,988,1,0,1,0,1,1,TA,4,TF,2,TA,Attchd,1969,Unf,2,701.3636152,TA,TA,Y,-41.59098193,52.08921132,5.637482729,130,0,0,NA,NA,NA,0,10,2006,WD,Normal,180000
122,1950,Gable,SS,AsbShng,AsbShng,None,0,TA,TA,PC,TA,TA,No,Unf,0,Unf,0,732,732,GasA,Gd,Y,SBrkr,772,351,0,1123,0,0,1,0,3,1,TA,4,TF,0,NA,Detchd,1979,Unf,1,458.7203628,TA,TA,P,-302.516923,18.65379478,11.09872879,0,0,0,NA,MnPrv,NA,0,6,2007,WD,Normal,100000
123,1958,Hip,SS,MetalSd,MetalSd,BrkFace,135,TA,Gd,CB,TA,TA,No,BLQ,570,Unf,0,510,1080,GasA,Gd,Y,SBrkr,1080,0,0,1080,0,0,1,0,3,1,TA,5,TF,0,NA,Attchd,1958,Unf,1,489.3421507,TA,TA,Y,103.2802272,105.7589286,12.6773043,0,130,0,NA,NA,NA,0,6,2008,WD,Normal,136000
124,1993,Gable,SS,Plywood,Plywood,None,0,Gd,TA,PC,Gd,TA,No,GLQ,300,Unf,0,899,1199,GasA,Ex,Y,SBrkr,1199,0,0,1199,0,0,2,0,2,1,Gd,5,TF,0,NA,Attchd,1993,RFn,2,364.8041862,TA,TA,Y,124.8344478,35.91012948,-127.6716564,0,0,0,NA,NA,NA,0,3,2008,WD,Normal,153900
125,1998,Gable,SS,HdBoard,HdBoard,None,0,TA,Gd,CB,Gd,Fa,No,Unf,0,Unf,0,1362,1362,GasA,TA,Y,SBrkr,1586,0,0,1586,0,0,2,0,3,1,TA,7,TF,1,TA,Attchd,1979,Unf,2,549.282343,TA,TA,Y,-58.65559449,34.79130217,120.4884694,0,0,0,NA,NA,NA,0,1,2009,WD,Normal,181000
126,1982,Gable,SS,Wd Sdng,Wd Sdng,None,0,TA,Fa,CB,TA,TA,Av,GLQ,490,Unf,0,30,520,GasA,Gd,N,SBrkr,520,0,234,754,1,0,1,0,2,1,TA,5,TF,0,NA,NA,NA,NA,0,351.7206628,NA,NA,N,-69.21962564,32.57638299,19.56164378,0,0,0,NA,NA,NA,0,6,2006,WD,Normal,84500
127,1976,Gable,SS,Plywood,Plywood,None,0,TA,TA,CB,Gd,TA,No,ALQ,120,Unf,0,958,1078,GasA,TA,Y,SBrkr,958,0,0,958,0,0,2,0,2,1,TA,5,TF,1,TA,Attchd,1977,RFn,2,441.0933297,TA,TA,Y,13.37624903,25.70105918,-2.89615247,0,0,0,NA,NA,NA,0,2,2007,WD,Normal,128000
128,1950,Gable,SS,WdShing,Wd Sdng,None,0,TA,Gd,BT,TA,TA,No,LwQ,116,Unf,0,556,672,GasA,Ex,Y,SBrkr,840,0,0,840,0,0,1,0,3,1,TA,5,TF,1,TA,NA,NA,NA,0,214.8395986,NA,NA,N,343.5710576,-21.80943265,33.98006696,0,0,0,NA,NA,NA,0,6,2007,WD,Normal,87000
129,1966,Gable,SS,VinylSd,VinylSd,BrkFace,266,TA,TA,CB,TA,TA,No,BLQ,512,Unf,0,148,660,GasA,TA,Y,SBrkr,660,688,0,1348,0,0,1,1,3,1,TA,6,TF,1,Fa,Attchd,1966,RFn,2,572.9458929,TA,TA,Y,-126.4690917,132.5180578,34.48113584,0,0,0,NA,NA,NA,0,7,2006,WD,Normal,155000
130,1991,Gable,SS,Plywood,Plywood,BrkFace,85,TA,TA,CB,TA,TA,No,Rec,567,BLQ,28,413,1008,GasA,TA,Y,FuseA,1053,0,0,1053,0,1,1,1,3,1,Ex,6,TF,0,NA,2TFes,1998,RFn,2,704.0465849,TA,TA,Y,52.53233901,159.5091311,36.46396108,180,0,0,NA,MnWw,NA,0,7,2006,WD,Abnorml,150000
131,1966,Gable,SS,MetalSd,MetalSd,BrkFace,309,TA,TA,CB,TA,TA,No,Rec,445,Unf,0,479,924,GasA,Ex,Y,SBrkr,1216,941,0,2157,0,0,2,1,4,1,Gd,8,TF,2,Gd,Attchd,1966,Fin,2,517.4515714,TA,TA,Y,-20.85242091,-69.94311213,30.58579275,0,0,0,NA,GdPrv,NA,0,5,2006,WD,Normal,226000
132,2000,Gable,SS,VinylSd,VinylSd,BrkFace,40,Gd,TA,PC,Gd,TA,No,GLQ,695,Unf,0,297,992,GasA,Ex,Y,SBrkr,1022,1032,0,2054,1,0,2,1,3,1,Gd,7,TF,1,TA,BuiltIn,2000,RFn,2,378.4144234,TA,TA,Y,9.842479829,112.2701936,-20.12277053,0,0,0,NA,NA,NA,0,7,2009,WD,Normal,244000
133,2002,Gable,SS,MetalSd,MetalSd,None,0,TA,TA,CB,TA,TA,No,Rec,405,Unf,0,658,1063,GasA,Gd,Y,SBrkr,1327,0,0,1327,1,0,1,0,3,1,Gd,7,TF,0,NA,Detchd,1974,Unf,2,332.6386938,TA,TA,Y,264.4560981,-50.4337176,64.01558463,0,0,0,NA,NA,NA,0,7,2007,WD,Normal,150750
134,2002,Gable,SS,VinylSd,VinylSd,BrkFace,136,Gd,TA,PC,Ex,TA,No,GLQ,1005,Unf,0,262,1267,GasA,Ex,Y,SBrkr,1296,0,0,1296,1,0,2,0,2,1,Gd,6,TF,0,NA,Attchd,2001,Fin,2,576.4625316,TA,TA,Y,51.61821563,125.9586192,-14.52307884,0,0,0,NA,NA,NA,0,6,2009,WD,Normal,220000
135,1993,Gable,SS,Plywood,Plywood,None,0,TA,TA,CB,TA,TA,No,Rec,570,Unf,0,891,1461,GasA,Gd,Y,SBrkr,1721,0,0,1721,0,0,2,1,3,1,TA,7,MD1,1,TA,Attchd,1968,RFn,2,302.279469,TA,TA,Y,66.80978726,128.2975364,91.9501975,0,0,0,NA,MnPrv,NA,0,7,2006,WD,Normal,180000
136,1970,Hip,SS,Plywood,Plywood,BrkFace,288,TA,TA,PC,TA,TA,No,Unf,0,Unf,0,1304,1304,GasA,Gd,Y,SBrkr,1682,0,0,1682,0,0,2,0,3,1,TA,7,TF,1,Gd,Attchd,1970,Unf,2,330.6874374,TA,TA,Y,65.55521456,27.89124796,-29.43533587,0,0,0,NA,MnPrv,NA,0,5,2008,WD,Normal,174000
137,1967,Gable,SS,MetalSd,MetalSd,BrkFace,196,TA,TA,CB,TA,TA,No,BLQ,695,Unf,0,519,1214,GasA,TA,Y,SBrkr,1214,0,0,1214,0,0,2,0,3,1,TA,5,TF,1,Fa,Attchd,1967,RFn,1,724.1300178,TA,TA,Y,-291.5278827,190.4068024,45.53249879,0,0,0,NA,NA,NA,0,7,2007,WD,Normal,143000
138,1989,Gable,SS,VinylSd,VinylSd,BrkFace,70,TA,TA,CB,TA,TA,No,Unf,0,Unf,0,1907,1907,GasA,Gd,Y,SBrkr,1959,0,0,1959,0,0,3,0,5,2,TA,9,TF,0,NA,2TFes,1989,Unf,3,654.1277409,TA,TA,Y,-21.08443758,4.598915184,-6.023214298,0,0,0,NA,NA,NA,0,7,2006,WD,Family,171000
139,2000,Gable,SS,VinylSd,VinylSd,BrkFace,320,Gd,TA,PC,Gd,TA,Mn,GLQ,668,Unf,0,336,1004,GasA,Ex,Y,SBrkr,1004,848,0,1852,0,0,2,1,3,1,Gd,7,TF,2,TA,Attchd,1999,Fin,3,375.0980236,TA,TA,Y,42.08054253,157.3924941,-58.83621693,0,0,0,NA,GdPrv,NA,0,12,2008,WD,Normal,230000
140,1997,Gable,SS,VinylSd,VinylSd,None,0,TA,TA,PC,Gd,TA,No,GLQ,821,Unf,0,107,928,GasA,Ex,Y,SBrkr,928,836,0,1764,1,0,2,1,3,1,Gd,7,TF,0,NA,Attchd,1997,RFn,2,538.9946614,TA,TA,Y,61.24900986,-45.31657113,88.64298798,0,0,0,NA,MnPrv,NA,0,8,2009,WD,Normal,231500
141,1971,Gable,SS,HdBoard,HdBoard,None,0,TA,TA,CB,TA,TA,No,ALQ,432,Unf,0,432,864,GasA,TA,Y,SBrkr,864,0,0,864,0,0,1,0,3,1,TA,5,TF,1,Po,NA,NA,NA,0,153.129513,NA,NA,Y,289.6731953,52.90007434,-60.24315718,0,0,0,NA,NA,NA,0,4,2010,ConLI,Normal,115000
142,2005,Gable,SS,VinylSd,VinylSd,None,0,Gd,TA,PC,Gd,TA,Av,GLQ,1300,Unf,0,434,1734,GasA,Ex,Y,SBrkr,1734,0,0,1734,1,0,2,0,3,1,Gd,7,TF,0,NA,Attchd,2005,Fin,2,557.4638599,TA,TA,Y,-48.69809057,94.56944117,-38.57725844,0,0,0,NA,NA,NA,0,1,2006,WD,Normal,260000
143,1952,Gable,SS,BrkFace,Wd Sdng,None,0,TA,Fa,CB,TA,TA,No,Rec,507,Unf,0,403,910,GasA,Fa,Y,SBrkr,910,475,0,1385,0,0,2,0,4,1,TA,6,TF,0,NA,Detchd,2000,Unf,2,398.7172467,TA,TA,Y,-104.7976129,15.47515178,29.84067664,0,0,0,NA,MnPrv,NA,0,6,2010,WD,Normal,166000
144,1999,Gable,SS,VinylSd,VinylSd,BrkFace,183,Gd,TA,PC,Gd,TA,Gd,GLQ,679,Unf,0,811,1490,GasA,Ex,Y,SBrkr,1501,0,0,1501,1,0,2,0,3,1,Gd,6,TF,0,NA,Attchd,1999,RFn,2,613.718407,TA,TA,Y,26.77583783,180.2357793,12.10306306,0,0,0,NA,NA,NA,0,6,2009,WD,Normal,204000
145,1963,Gable,SS,HdBoard,HdBoard,BrkFace,336,TA,TA,CB,TA,TA,No,Rec,1332,Unf,0,396,1728,GasA,TA,Y,SBrkr,1728,0,0,1728,1,0,2,0,6,2,TA,10,TF,0,NA,Detchd,1963,Unf,2,309.5214076,TA,TA,Y,91.36581493,68.66220066,73.83603405,0,0,0,NA,NA,NA,0,11,2006,ConLI,Abnorml,125000
146,2006,Gable,SS,VinylSd,VinylSd,Stone,50,Gd,TA,PC,Gd,TA,No,Unf,0,Unf,0,970,970,GasA,Ex,Y,SBrkr,970,739,0,1709,0,0,2,0,3,1,Gd,7,MajD1,0,NA,Detchd,2004,Unf,2,215.9196418,TA,TA,Y,-174.468741,96.62588229,-37.08035376,0,0,0,NA,NA,NA,0,4,2006,WD,Normal,130000
147,1993,Gable,SS,Wd Sdng,Wd Sdng,None,0,TA,TA,BT,TA,TA,No,BLQ,209,Unf,0,506,715,GasA,TA,Y,FuseA,875,0,0,875,1,0,1,0,2,1,TA,5,TF,0,NA,Detchd,1931,Unf,1,595.3347433,Fa,TA,Y,-76.91316065,120.9088066,108.1332713,0,0,0,NA,NA,NA,0,11,2009,WD,Normal,105000
148,2001,Gable,SS,VinylSd,VinylSd,BrkFace,180,Gd,TA,PC,Gd,TA,No,Unf,0,Unf,0,884,884,GasA,Ex,Y,SBrkr,884,1151,0,2035,0,0,2,1,3,1,Gd,8,TF,1,Gd,BuiltIn,2001,Fin,2,227.0128828,TA,TA,Y,70.98216141,55.93743622,21.59073053,0,0,0,NA,NA,NA,0,5,2010,WD,Normal,222500
149,2005,Gable,SS,VinylSd,VinylSd,BrkFace,120,TA,TA,PC,Gd,TA,No,GLQ,680,Unf,0,400,1080,GasA,Ex,Y,SBrkr,1080,0,0,1080,1,0,1,0,3,1,Gd,6,TF,0,NA,NA,NA,NA,0,422.4208665,NA,NA,Y,88.43405495,66.94036007,-34.54833247,0,0,0,NA,NA,NA,0,4,2008,WD,Normal,141000
